cluster_id	splitr_sequence	splitr_count	splitr_span_pvalue	splitr_pos_pvalue	splitr_min_pvalue	adjacent	altsplice	break_adj_entropy1	break_adj_entropy2	break_adj_entropy_min	breakpoint_homology	breakseqs_estislands_percident	cdna_breakseqs_percident	deletion	est_breakseqs_percident	eversion	exonboundaries	expression1	expression2	gene1	gene2	gene_align_strand1	gene_align_strand2	gene_chromosome1	gene_chromosome2	gene_end1	gene_end2	gene_location1	gene_location2	gene_name1	gene_name2	gene_start1	gene_start2	gene_strand1	gene_strand2	genome_breakseqs_percident	genomic_break_pos1	genomic_break_pos2	genomic_strand1	genomic_strand2	interchromosomal	interrupted_index1	interrupted_index2	inversion	library_name	max_map_count	max_repeat_proportion	mean_map_count	min_map_count	num_multi_map	num_splice_variants	orf	read_through	repeat_proportion1	repeat_proportion2	span_count	span_coverage1	span_coverage2	span_coverage_max	span_coverage_min	splice_score	splicing_index1	splicing_index2	
23052	TAACAGATCAGAATGTTCACACTGGTTAATCTTTTTTTAACAATGAGCATGAAGGTAGCAGAAGCTGGTGTGTTTCCAGATGGTTCTTCTAACCAAACTAATTTTTCACTGTTGACAAGCGAGGCAAGGGTTGCACTGGACCAAAGGCTGAGGCTTGGCCATCTAGCATTCCATACAAAATTGTTTCCTATAAGCATTCCTTTTATTCTCTATTCTATCCTGGGTCTGCCTCAACCGTGAGATAGGAGAGTCTCTGGTACTAGCTGCTGTAGCAGTGCCCTTCATCCAGGGCAGTTAATGGAGTCTTGGACCCTTTCTTTCTCTGGGATCCCTGCCCAGCACCTTCCTATAGAGATGACTTTAAAAGGAAAAAAAAAAAAAAAAAAAAAAAAAAAAA|AAAAAAAAAAAAAAAAACAAACCCAAAAGCTCTTTACTATAATACTTTACT	19	0.235835262021747	0.949191282818972	0.990501296979253	N	N	1.47600643676492	2.33698300256265	1.47600643676492	0	0	0.373946460544129	N	0	N	N	4202	447	ENSG00000131236	ENSG00000188596	+	+	1	12	40538321	97269333	utr3p	intron	CAP1	C12orf55	40505905	96883349	+	+	0	40537953	97015670	+	+	Y	-	-	N	Defuse_out	424	0.631578947368421	136.5	3	38	1	N	N	0	0.631578947368421	38	0.627402301441458	0.210364301071548	0.627402301441458	0.210364301071548	2	-	-	
46711	CAAAGGCCCGCGGCGGGTGTTGACGCGATGTGATTTCTGCCCAGTGCTCTGAATGTCAAATTGAAGAAATTCAATGAAGCACAGGTAAATGGTGGGAGTAACTATGACTCTCTTAAGGTAGCCAAATGCCTCGTCATCTAATTAGTGACGCGCATGAATGGATGAACGAGATTCCCACTGTCCCTACCTACTATCCAGCGAAACCACAGCCAAGGGAACGGGCTTGGCGGAATCAGCGGGGAAAGAAGACCCTGTTGAGCTTGACTCTAGTCTGGCATGGTGAAGAGACATGAGAGGTGTAGAATAAGTGGGAGGCCCCTGGCGC|CCCCCCGGTGTCCCCGCGAGGGGTCCAGGGCGGGGTCTGCCGGCCCTGCGGGCCGCCGGTGAAATACCACTACTCTGATCGTTTTTTCACTGACCCGGTGAGGCGGGGGGGCGAGCCCTGAGGGGCTCTCGCTTCTGGCGCCAAGCGCCCGGCCGCACG	640	0.858976059226455	0.621109042355863	0.748603899381742	N	Y	3.45976132345673	2.92022944126855	2.92022944126855	329	0.573208843934384	0	N	0.893302210983596	N	N	0	0	ENSG00000137571	ENSG00000226958	+	+	8	X	70747299	108297792	intron	intron	SLCO5A1	RNA28S5	70584568	108297361	-	-	0.893302210983596	70602294	108297676	-	-	Y	-	-	N	Defuse_out	6	1	1.56692913385827	1	58	1	N	N	1	0.980582524271845	127	0.874672620244856	0.76026396527612	0.874672620244856	0.76026396527612	1	-	-	
10003	GGAATTCGTCATTCATGGGGAATAATTGCAATCCCCGATCACCATCACCAATGGTGTTCAACAGGTTACCCGCGTCTGCCACGTAGGGTAGGCACACGCTGAGCCAGTCACTGTAGCGTGCGTGCAGCCCCAGACATCTAAGGGCATCACAGACGTGTTATTTCTCAATCTCGGGTGGCTAAATGCCACTTATCCCTCTAAGAAGTTGGGGGATGCTGACCGCTTGGGGGTCGCGTAACTAGTTAGCATGCCAGAGTCTCCTTCATTATCGGAATTAACCAGACAAATCACTCCACCAACTAAG|AAGGCCATGCACCACCACCCGTGGAATCGAGAAAGAGCTATCAATCTGTCAATCCTGTCCGTGTCCAGGCTGGGTGAGTTTTCCCATGTTGAGTCAAATTAAGCTGCAGGCTCCACTCCTGGTGGTGCCCTTCTGTCAATTCCTTTAAGTTTCAG	278	1	0.819767995859892	0.410081244510773	N	Y	3.48081283043499	3.62295434849776	3.48081283043499	460	0.768246844319776	0	N	0.793997194950911	N	N	0	4	ENSG00000225840	ENSG00000163046	+	+	Y	2	10036711	133015542	intron	intron	RNA18S5	ANKRD30BL	10036113	132905164	-	-	0.90343618513324	10036190	133012438	-	-	Y	-	-	N	Defuse_out	4	1	2	1	3	3	N	N	1	1	5	0.391203787957615	0.516684248245907	0.516684248245907	0.391203787957615	2	-	-	
23075	ATCCCTCCTGGGCGGGATTCTGACTTAGAGTCGTTCAGTCATAATCCTACATATGGTAGCTTTACCCCATTGGCTCCTCAGCCAAGGACATAGGCCAAATGTCTGAACCTGTTGTTCCTCTTCTACTGAGCAGGATGACCATGGCAGCAACACATGAGGAACACACAATAAAACTAACCTGTCTCACATGGGTCTAACC|CCAGCTCACGTTCCCTATTAGTGGGTGAACAATCCAACGCTTGGTGAATTCTGCTTCACAATGATAGGAAGAGCCGACATCGAAGGATCAAAAAGCGACGTCGCTATGAACGCTTGGCCGCCACAAGCCAGTTATCCCTGTGGTAACTTTTCTGACACCTCCTGCTTAAAACCCAAAAGGTCAGAAGGATCGTGAGGCCCCGCTTTCACGGTCTGTATTCGTACTGAAAATCAAGATCAAGCGAGCTTTTGCCCTTCTGCTCCACGGGAGGTTTCTGTCCTCCCTGAGCTCGCCTTAGGAC	1293	0.617488702826193	0.110954990571602	0.253385142967216	N	N	3.16100531180537	3.78937037402784	3.16100531180537	4	0.538611219771512	0	N	0.82948675513295	N	N	0	16	ENSG00000199843	ENSG00000162669	+	+	12	1	38555384	91870426	downstream	intron	RNA5SP358	HFM1	38555268	91726323	-	-	0.538611219771512	38531460	91852783	-	-	Y	-	-	N	Defuse_out	8	1	1.73076923076923	1	12	1	N	N	1	1	26	0.383822584411245	0.874672620244856	0.874672620244856	0.383822584411245	1	-	-	
53535	AGGCATGTGAGGTGCCTTTGGAAAGCCCCAGGGCACTGTGGCCAGGGTTGACATTGGCCAAGTTATCATGTCCATCCGCACCAAGCTGCAGAACAAGGAGCATGCGATTGAGGCCTTGCGCAGGGCCAAGTTCAAGTTTCCTGGCCGCCAGAAGATCTACATCTCAAAGAAGTGGGGCTTCACCAAGTTCAATGCTGATGAATTTGAAGACATGGTGGCTGAGAAGCGGCTCATCCCAGATGGCTGTGGGGTCAAGTACATCCCCAATCGTGGCCCTCTGGACAAGTGGCTGGCCCTGCACTCATGAGGGCTTCCAATGTGCTGCCCCCC|TCTTAATACTCACCAATAAATTCTACTTCCTGTCCACCTAAAAAATACAAAA	92	0.866814151158608	0.391352932958321	0.616909627193021	N	Y	3.26936241550807	3.25888918858746	3.25888918858746	383	0.616388833099016	0.712291624824262	N	0.808194416549508	N	N	233	0	ENSG00000127452	ENSG00000178464	-	-	19	19	9938492	12754733	intron	downstream	FBXL12	CTD-2192J16.15	9920943	12754089	-	-	0.769833299859409	9931157	12754065	+	+	N	-	-	Y	Defuse_out	8	0	4.5	3	6	1	N	N	0	0	6	0.468706425194501	0.287866938308434	0.468706425194501	0.287866938308434	3	-	-	
27427	TTTGAAAGGCATGAAGATGCACAGAAAGCTGTAGATGAGATGAATGGAAAGGAGCTCAATGGAAAACAAATTTACGTTGGTCGAGCTCAGAAAAAAGTGGAACGGCAGACGGAACTTAAGCGCACATTTGAACAGATGAAGCAAGATAGGATCACCAGATACCAGGTTGTTAATCTTTATGTGAAAAATCTTGATGATGGTATTGATGATGAACGTCTCCGGAAAGCGTTTTCTCCATTTGGTACAATCACTAGTGCAAAGGT|TATGATGGAGGGTGGTCACAGCAAAGGGTTTGGTTTCGTATGTTTCTCCTTCCCGGAAGAAGCCACTAAAGCAGTTACAGAAATGAACGGTAGAACTGTGGCCACAAAACCATCGTATGTAGCTTTAGCTCAGCGCAAAGAAGAGTGCCAGGCTCACTTCACTAACCAGCATATGCAGAGAATGGCAAGTGTACGAGCTGTGCCCAACCATGTAATCAACCCCTACCAGCCAGCACCTCCTTCAGGTTACTTCATGGCAGCTATTCCAC	5	0.45347726786602	0.40160019140548	0.712793691345204	N	Y	3.62192127872787	3.3070415253363	3.3070415253363	533	0.916506752081267	0.916506752081267	N	0.920301899713937	N	N	355	0	ENSG00000151846	ENSG00000231707	+	-	13	4	25673392	39975960	coding	intron	PABPC3	PABPC1P1	25670006	39975064	+	+	0.844398947060544	25671310	39975174	+	-	Y	-	-	N	Defuse_out	3	0	2.8	2	5	1	N	N	0	0	5	0.78240757591523	0.608949292575533	0.78240757591523	0.608949292575533	1	-	-	
36412	GGAAGGGCACCACCAGGAGTGGAGCCTGCAGCTTAATTTGACTCAATATGGGAAACCTCACCCGGCCCGGACATGGACAGGATTGACAGATTGATAG|CTCTTTCTCGATTCCGTGGGTGGTGGTGCATGGCCGTTCTTAGTTGGTGGAGCGATTTGTCTGGTTAATTCCGATAACGAACGAGACTCTGGCATGCTAACTAGTTACGCGACCCCC	198	1.13409131941305e-09	0.0848644221631098	0.211728166598176	N	Y	3.3984700535705	3.31336373513502	3.31336373513502	215	0.774250779189643	0	N	0.948693358906737	N	N	0	0	ENSG00000225840	ENSG00000172572	-	-	Y	12	10036711	20837315	intron	intron	RNA18S5	PDE3A	10036113	20522179	-	+	0.887125389594821	10036155	20704383	+	-	Y	-	-	N	Defuse_out	4	1	2.25	1	6	1	N	N	1	1	8	0.391203787957615	0.439181611009021	0.439181611009021	0.391203787957615	4	-	-	
27792	ACACTGGGAAACATCATTAAATCACGTGCCTGCTTCCCCTTCGCCTTCTGCCGTGATTGTCAGTTTCCTGAGGCCTCCCCAGCCACGCTTCCTGTACAGCCTGCAGAACTTCTGGCATGGAAAAGCCCCTGTGCAACTGGTAAAGATATCAATAAGCACCAGGAGGTATCTAAATCCACCAGGAGCCATAGGCATCA|CAACTACAGTTGCTAAAAGAAGAGGGCTGTTTTTTATCGTTGTTGTTTTGTTTGTTTTGTTTTGTTGTTGTTGTTTTAAATTTTATGTCTCTTTTTGGCCCAACAGGGAGCAAAGTTTGTCATCTTGATACACTAGATCTTTGATGATATCAATAAGGAAACATCCACACCCTTTGGTTAAAAGACTCTGAGACTTCAAGGACTGCTGGCTGTTCAGAAGAGGCTGTGGTGGTTCAAGTGAGGCTCAAGGCTGTAGTTATACCAATCTGTTACTCCATGAAGAGTCCAAGGCTGCTGAACAGAGTGAACCTCAGAACAGATAGCAGTGGCACCTAGAAGATATAATCTCAACAGCAGATGAGTTATTGAGGGATGATTGCTGATTATGGATTCCTCTTCATCTCTCTTAACTTATATTCCAAGC	2	6.70650606108872e-10	0.144951041784992	0.1329774001015	N	N	3.44143830342756	3.50575423470996	3.44143830342756	0	0	0	N	0	N	N	543	0	ENSG00000168255	ENSG00000261171	+	-	7	16	102232891	54882145	coding	upstream	POLR2J3	RP11-1136G4.1	102178365	54881159	-	-	0	102207097	54887586	-	+	Y	-	-	N	Defuse_out	4	1	3.66666666666667	3	6	1	N	N	1	0	6	0.191911292205622	0.531446655338647	0.531446655338647	0.191911292205622	1	-	-	
36867	TGTTGTTGCCCATGTGTTGCTACCATGGTAATCCTGCTCAGTACGAGAGGAACCGCAGGTTCAGACA|TTTGGTGTACGTGCTTGGCTGAGGAGCCAATGGGGCAAAGCTGCCATCTGTGGGATTATGACTAAACACCTCTAAGTCAGAATAC	47	5.27416265653377e-13	0.78708377125976	0.342611944488009	N	N	3.85272778345386	3.4780843434859	3.4780843434859	83	0.762754853185055	0	N	0.703443566481319	N	N	0	1135	ENSG00000255652	ENSG00000144283	+	+	12	2	34371788	159539391	upstream	intron	RP11-313F23.4	PKP4	34343972	159313476	-	+	0.762754853185055	34372628	159440796	-	+	Y	-	-	N	Defuse_out	7	0.986486486486487	2.85714285714286	1	5	1	N	N	0.986486486486487	0.864583333333333	7	0.273104531215694	0.354297770225765	0.354297770225765	0.273104531215694	2	-	-	
55303	CTGGGCCCCAGGAGCATCAGCCCCTTGATCATCTGGGGTTTGTCATCACCATATTTTCTCCCTGCTGTTCCCACCATGCCCTTCTGCCATCTTCTGGGAGAAGGAAACCAAAGGATCTAAAACTGGGGTTTGGGGGAAGGTTTCAGCCTCTCCCCACTCCCCTTGCCCCACACCCTTTACTCCCCAGCCCAGAGAGACGCTGCTTTTACCAGGAAAGACTATTGAAAGATGTTTTATTTTATTTTTCTCTGACCTTTCCATCCTTGAAAAAATGGGGAAAAAAGAAGAAAAAAGACAAAATCGACCATAAAAGACCAAAAAAAAAAAAAAAA|AAAAAAAAAAAAAAAAAAAAAAAAAAAAAAAAAAATCAGAAATCCTGAAGTTGAAAAACTACAATGA	9	0.978577903440999	0.0889345040462862	0.150342432171641	N	N	2.44302189873649	1.1997943721465	1.1997943721465	0	0	0.508694029850746	N	0	N	N	4362	0	ENSG00000155506	ENSG00000253898	+	-	5	8	154197167	84321135	utr3p	upstream	LARP1	RP11-51M18.1	154092462	84315993	+	+	0	154194475	84293926	+	-	Y	-	-	N	Defuse_out	59	0.508771929824561	31.4	8	5	1	N	N	0	0.508771929824561	5	0.453944018101761	0.210364301071548	0.453944018101761	0.210364301071548	1	-	-	
16192	CTGGGCGGGATGGGTAGCCTTGGTGCCATGGGACAGCCAATGTCTCTCTCAGGGCAGCCGCCTCCTGGGACCTCGGGGATGGCCCCTCACAGCATGGCTGTCGTGTCTACGGCAACTCCACAGACCCAGCTGCAGCTCCAGCAGGTGGCGCTGCAGCAGCAGCAGCAAC|TGCTGCTGCTGCTAAAGTTCCAGCAAAAAAGATCACCGCCGCGAGTAAAAAGGCTCCAGCCCAGAAGGTTCCTGCCCAGAAAGCCACAGGCCAGAAAGCAGCGCCTGCTCCAAAAGCTCAGAAGGGTCAAAAAGCTCCAGCCCAGAAAGCAC	2	5.43749667068788e-07	0.196698395193919	0.220607831794805	N	N	3.01923451610318	3.44871903508266	3.01923451610318	0	0.0883662961752206	0	N	0	N	N	3336	5231	ENSG00000099917	ENSG00000188846	+	-	22	3	20941919	40503861	coding	coding	MED15	RPL14	20850200	40498783	+	+	0	20918781	40503540	+	-	Y	-	-	N	Defuse_out	4	0.265700483091787	2.2	1	3	1	Y	N	0.265700483091787	0.177777777777778	5	0.627402301441458	0.579424478390052	0.627402301441458	0.579424478390052	2	-	-	
