GeneName1	GeneName2	chr1	Breakpoint1	strand1	chr2	Breakpoint2	strand2	EnsemblGene1	EnsemblGene2	crossingreads	spanningreads	mean.insertsize	homology	fusiontype	InfoGene1	InfoGene2	JunctionSequence	GeneExpr1	GeneExpr2	GeneExpr_Fused	ES	GJS	US	EricScore
NME1-NME2	NME1	17	51161272	+	17	51161728	+	ENSG00000011052	ENSG00000239672	229	663	135.67		Read-Through	NME1-NME2 readthrough [Source:HGNC Symbol;Acc:HGNC:33531]	NME/NM23 nucleoside diphosphate kinase 1 [Source:HGNC Symbol;Acc:HGNC:7849]	gactccaagcctgggaccatccgtggagacttctgcatacaagttggcagGAACATTATACATGGCAGTGATTCTGTGGAGAGTGCAGAGAAGGAGATCG	5.86	0.88	505.4	0.9208	0.9586	0.345399698340875	0.982691100475699
APOA1BP	GPATCH4	1	156594098	+	1	156595627	-	ENSG00000163382	ENSG00000160818	5	3	93.37		Cis	apolipoprotein A-I binding protein [Source:HGNC Symbol;Acc:HGNC:18453]	G patch domain containing 4 [Source:HGNC Symbol;Acc:HGNC:25982]	taccctgacaccgagtgtgtctatcgtctgcagtgagggaaggtgggtggTGAGCAGAACATCAGAAAAAGCAAGAAGAAGAAAAGGCGACATCAAGAAG	267.05	22.24	201.03	0.9077	0.9739	0.6	0.982691100475699
RIC3	SAR1B	11	8139065	-	5	134613335	-	ENSG00000166405	ENSG00000152700	12	19	124.65	ENSG00000130695 (46%), ENSG00000185823 (44%), ENSG00000198130 (45%), ENSG00000164902 (42%)	inter-chromosomal	RIC3 acetylcholine receptor chaperone [Source:HGNC Symbol;Acc:HGNC:30338]	secretion associated, Ras related GTPase 1B [Source:HGNC Symbol;Acc:HGNC:10535]	ttgttctctggtgccataaagaagcagcacttggacgtacatttaatttcCTCAGCAAGGCCATTTTTACTTTCTGCAGAAAGGGTACACTTGCCAGCAG	7.25	13.69	16.3	0.9087	0.6089	0.631578947368421	0.981704392894828
FBXO25	SEPT14	8	435707	+	7	55796092	-	ENSG00000147364	ENSG00000154997	6	13	148.05		inter-chromosomal	F-box protein 25 [Source:HGNC Symbol;Acc:HGNC:13596]	septin 14 [Source:HGNC Symbol;Acc:HGNC:33280]	acttctcaagtgcaattcaagatatccgaaggttcaattatgtggtcaaaCTGCAGGACAAGTTCGAGCATCTTAAAATGATTCAACAGGAGGAGATAAG	29.99	6.62	17.96	0.9137	0.6605	0.461538461538462	0.981704392894828
C1GALT1C1	CUL4B	X	120629918	-	X	120574631	-	ENSG00000171155	ENSG00000158290	3	2	110.53		intra-chromosomal	C1GALT1-specific chaperone 1 [Source:HGNC Symbol;Acc:HGNC:24338]	cullin 4B [Source:HGNC Symbol;Acc:HGNC:2555]	gaaacccgtgcgcggctgcgctttcctgtccccaagccgttctagacgcgGACCCAAAGGACGGATGATGTCACAGTCATCTGGATCAGGAGATGGGAAT	21.56	36.8	30.77	0.7367	0.6725	0.666666666666667	0.978871681040673
HMGB1	C14orf37	13	30461060	-	14	58298062	-	ENSG00000189403	ENSG00000139971	3	1	56.9	ENSG00000010932 (52%), ENSG00000067066 (50%)	inter-chromosomal	high mobility group box 1 [Source:HGNC Symbol;Acc:HGNC:4983]	chromosome 14 open reading frame 37 [Source:HGNC Symbol;Acc:HGNC:19846]	aaatttaaagcaggttcttgttggtgcacagcacaaattagttatatatgGGAACGGAGTTTTCATCAGGTAGATTGGTTTTTGTGCGGCCGTCCTCCAC	53.48	4.01	1140.75	0.912	1	0.333333333333333	0.978730320973628
POLA2	CDC42EP2	11	65295990	+	11	65320544	+	ENSG00000014138	ENSG00000149798	5	4	92.04		Read-Through	polymerase (DNA directed), alpha 2, accessory subunit [Source:HGNC Symbol;Acc:HGNC:30073]	CDC42 effector protein (Rho GTPase binding) 2 [Source:HGNC Symbol;Acc:HGNC:16263]	tcaccccagatgtcctcatcatcccgtcagagctgaggtacttcgtgaagCTCCTCAGCCCTGGACCGGGGACAAGTAACCCTCGGTGACAAGACCAAAG	39.74	3.86	67.42	0.9141	0.9164	0.8	0.978647553179043
PKD1	NPIPA1	16	2113042	-	16	14923977	+	ENSG00000008710	ENSG00000183426	193	126	175.85		intra-chromosomal	polycystic kidney disease 1 (autosomal dominant) [Source:HGNC Symbol;Acc:HGNC:9008]	nuclear pore complex interacting protein family, member A1 [Source:HGNC Symbol;Acc:HGNC:7909]	cggtcttcaagctctcattcatgctgcccgaggacgctgccatggctgtgCTGACGGCCTCCAACCACGTGAGCAACGTCACCGTGAACTACAACATCAC	33.7	3.67	51.75	0.9235	0.6492	0.652849740932642	0.977456982281168
MDP1	NEDD8-MDP1	14	24215919	-	14	24215797	-	ENSG00000213920	ENSG00000255526	19	52	126.83		Read-Through	magnesium-dependent phosphatase 1 [Source:HGNC Symbol;Acc:HGNC:28781]	NEDD8-MDP1 readthrough [Source:HGNC Symbol;Acc:HGNC:39551]	tgcggtgcgggtcatggcgcggctaccgaagctggcagtctttgatttggATTACACTCTCTGGCCTTTCTGGGTCGACACGCACGTAGACCCTCCGTTC	8.48	1.54	50.88	0.9099	0.6298	0.365384615384615	0.976868250389713
FARSB	TRIM61	2	222648740	-	4	164969675	-	ENSG00000116120	ENSG00000183439	9	9	61.59		inter-chromosomal	phenylalanyl-tRNA synthetase, beta subunit [Source:HGNC Symbol;Acc:HGNC:17800]	tripartite motif containing 61 [Source:HGNC Symbol;Acc:HGNC:24339]	aagaatttgatgaactatgttttgaatttggtctggagcttgatgaaattAAAGACCTAGAGCTTTTATGTCCAAGGTGCAGTTTGTCCACTGATCACCA	77.35	0.96	52.35	0.8662	0.5382	1	0.506598201228013
ZNF738	ZNF257	19	21375964	+	19	22087977	+	ENSG00000172687	ENSG00000197134	4	1	71.68	ENSG00000196109 (64%)	intra-chromosomal	zinc finger protein 738 [Source:HGNC Symbol;Acc:HGNC:32469]	zinc finger protein 257 [Source:HGNC Symbol;Acc:HGNC:13498]	aaaagatccctggaatatgaagagacacagtatggtagccacacccccagTTATGTGTTCTCATATTGCTGAAGACCTTTGCCCAGAGCGAGACATAAAA	15.29	2.79	67.45	0.212	0.1972	0.25	0.501579913634008
